index	keywords
0	basic algebra, powers
1	fractions
2	basic algebra, powers
3	basic algebra
4	geometry, quadrilateral, lines and angles
5	geometry, parallelogram
6	basic algebra, distributivity
7	factorization, basic algebra
8	geometry, triangle
9	geometry, parallelogram
10	geometry, symmetry
11	basic algebra
12	geometry, triangle
13	geometry, rectangle
14	geometry, triangle
15	fractions
16	factorization
17	geometry, symmetry
18	factorization, associativity
19	basic algebra
20	geometry, symmetry
21	fractions
22	factorization, powers
23	geometry, rectangle
24	basic algebra
25	basic algebra
26	basic algebra, time
27	basic algebra, fractions
28	factorization
29	basic algebra
30	variable algebra
31	basic algebra
32	fractions
33	fractions
34	powers
35	factorization
36	variable algebra
37	basic algebra
38	geometry, fractions
39	geometry, lines and angles
40	variable algebra
41	geometry, parallelogram
42	fractions
43	factorization
44	geometry, lines and angles
45	basic algebra
46	basic algebra
47	geometry, lines and angles
48	geometry, symmetry
49	lines and angles
50	absolute value
51	variable algebra
52	factorization
53	factorization
54	variable algebra
55	alternative number systems
56	geometry, lines and angles
57	fractions
58	geometry, fractions
59	factorization
60	powers
61	fractions, powers
62	geometry, symmetry
63	geometry, vectors
64	geometry, parallelogram
65	factorization
66	geometry, quadrilateral
67	geometry, symmetry
68	powers
69	basic algebra
70	geometry, symmetry
71	fractions, basic algebra
72	alternative number systems
73	fractions
74	geometry, triangle
75	factorization
76	variable algebra
77	geometry, basic algebra
78	geometry, symmetry
79	basic algebra
80	basic algebra
81	fractions
82	variable algebra
83	geometry, lines and angles
84	geometry, lines and angles
85	geometry, quadrilateral, lines and angles
86	factorization
87	time
88	factorization
89	geometry, fractions
90	variable algebra
91	variable algebra
92	geometry, rectangle
93	geometry, basic algebra
94	geometry, triangle
95	geometry, triangle
96	fractions
97	geometry, lines and angles, variable algebra
98	factorization
99	fractions
100	factorization
101	geometry, triangle, rectangle
102	factorization
103	basic algebra
104	factorization
105	geometry, triangle
106	geometry, lines and angles
107	geometry, triangle, fractions
108	fractions
109	geometry, rectangle, fractions
110	geometry, vectors
111	basic algebra
112	geometry, triangle, fractions
113	fractions
114	fractions
115	fractions
116	geometry, lines and angles
117	fractions
118	variable algebra
119	variable algebra, powers
120	variable algebra, powers
121	fractions
122	variable algebra
123	variable algebra, fractions
124	basic algebra
125	geometry, rectangle
126	variable algebra, factorization
127	fractions
128	fractions, powers
129	factorization, powers
130	geometry, triangle
131	fractions
132	geometry, parallelogram
133	factorization
134	basic algebra
135	geometry, rectangle
136	fractions
137	variable algebra
138	variable algebra
139	fractions
140	fractions
141	factorization
142	variable algebra
143	basic algebra
144	fractions
145	fractions
146	geometry, triangle
147	powers
148	variable algebra
149	fractions
150	variable algebra
151	geometry, symmetry
152	basic algebra
153	fractions
154	factorization
155	geometry, triangle
156	geometry, triangle
157	factorization
158	powers
159	variable algebra
160	variable algebra
161	basic algebra
162	geometry, symmetry
163	factorization
164	fractions
165	factorization
166	fractions, powers
167	geometry, rectangle
168	factorization
169	factorization
170	variable algebra
171	geometry, lines and angles
172	geometry, parallelogram
173	fractions
174	geometry, rectangle
175	geometry, triangle
176	geometry, vectors
177	basic algebra
178	basic algebra
179	fractions
180	fractions
181	geometry, symmetry
182	time
183	basic algebra
184	variable algebra
185	basic algebra
186	fractions
187	basic algebra
188	factorization, powers
189	factorization
190	factorization
191	geometry, symmetry
192	basic algebra
193	variable algebra
194	geometry, triangle
195	basic algebra
196	variable algebra
197	basic algebra, associativity
198	factorization
199	basic algebra
200	geometry, rectangle
201	geometry, lines and angles
202	time
203	geometry, rectangle
204	geometry, rectangle
205	geometry, vectors
206	variable algebra
207	geometry, lines and angles
208	fractions
209	basic algebra
210	variable algebra
211	factorization
212	basic algebra, distributivity
213	factorization
214	geometry, lines and angles
215	geometry, triangle
216	geometry, lines and angles
217	variable algebra
218	geometry, quadrilateral
219	powers
220	fractions
221	geometry, symmetry
222	time
223	factorization
224	geometry, symmetry
225	factorization
226	alternative number systems
227	geometry, symmetry
228	geometry, vectors
229	geometry, parallelogram
230	variable algebra
231	geometry, lines and angles
232	geometry, vectors
233	variable algebra
234	basic algebra
235	geometry, vectors
236	geometry, quadrilateral
237	geometry, vectors
238	basic algebra
239	fractions
240	fractions
241	alternative number systems
242	variable algebra
243	geometry, quadrilateral
244	fractions
245	geometry, powers
246	geometry, triangle
247	geometry, vectors
248	factorization
249	basic algebra, distributivity
250	basic algebra
251	geometry, quadrilateral
252	basic algebra
253	fractions
254	factorization
255	variable algebra
256	geometry, triangle
257	fractions
258	geometry, powers
259	factorization
260	factorization
261	time
262	geometry, quadrilateral
263	fractions
264	geometry, symmetry
265	geometry, vectors
266	fractions
267	geometry, symmetry
268	geometry, symmetry
269	fractions
270	fractions
271	geometry, vectors
272	geometry, rectangle
273	geometry, symmetry
274	geometry, lines and angles
275	geometry, quadrilateral
276	variable algebra
277	geometry, quadrilateral, symmetry
278	basic algebra
279	variable algebra
280	geometry, rectangle
281	basic algebra
282	fractions
283	basic algebra
284	factorization
285	basic algebra, commutativity
286	geometry, symmetry
287	fractions
288	geometry, rectangle
289	alternative number systems
290	basic algebra
291	variable algebra
292	basic algebra, associativity
293	basic algebra
294	fractions
295	geometry, lines and angles
296	fractions
297	variable algebra
298	geometry, lines and angles
299	fractions
300	time
301	geometry, parallelogram
302	geometry, symmetry
303	factorization
304	factorization
305	geometry, triangle
306	geometry, vectors
307	geometry, lines and angles
308	geometry, symmetry
309	fractions
310	variable algebra, powers
311	basic algebra
312	basic algebra
313	fractions
314	basic algebra
315	fractions
316	geometry, symmetry
317	geometry, triangle
318	basic algebra
319	variable algebra
320	geometry, lines and angles
321	geometry, lines and angles
322	fractions
323	geometry, circle
324	geometry, vectors
325	basic algebra
326	alternative number systems
327	basic algebra
328	variable algebra
329	fractions
330	geometry, rectangle
331	geometry, rectangle
332	absolute value
333	geometry, triangle
334	geometry, triangle, parallelogram
335	variable algebra
336	fractions
337	basic algebra
338	basic algebra
339	geometry, quadrilateral
340	fractions
341	geometry, quadrilateral
342	factorization
343	geometry, lines and angles
344	factorization
345	fractions
346	factorization
347	fractions
348	geometry, rectangle
349	geometry, lines and angles
350	geometry, rectangle
351	geometry, quadrilateral
352	fractions
353	geometry, vectors
354	geometry, lines and angles
355	geometry, vectors
356	factorization
357	fractions
358	geometry, symmetry
359	geometry, rectangle
360	basic algebra
361	basic algebra, commutativity
362	geometry, symmetry
363	geometry, lines and angles
364	geometry, quadrilateral
365	geometry, lines and angles
366	factorization
367	factorization
368	basic algebra
369	factorization
370	variable algebra
371	variable algebra
372	variable algebra
373	basic algebra
374	fractions
375	geometry, rectangle
376	factorization
377	variable algebra
378	geometry, rectangle
379	variable algebra
380	geometry, triangle, parallelogram
381	fractions
382	fractions
383	powers
384	geometry, vectors
385	variable algebra
386	geometry, triangle
387	geometry, symmetry
388	geometry, symmetry
389	variable algebra
390	geometry, symmetry
391	factorization
392	variable algebra
393	fractions
394	geometry, lines and angles
395	factorization
396	geometry, vectors
397	fractions
398	geometry, vectors
399	factorization
400	fractions
401	fractions
402	basic algebra, commutativity
403	time
404	variable algebra
405	basic algebra
406	geometry, lines and angles
407	fractions
408	fractions
409	basic algebra
410	fractions
411	geometry, vectors
412	geometry, lines and angles
413	geometry, lines and angles
414	geometry, vectors
415	geometry, triangle
416	variable algebra
417	factorization
418	factorization
419	fractions
420	time
421	basic algebra
422	factorization
423	basic algebra
424	geometry, circle
425	fractions, powers
426	fractions
427	fractions
428	fractions
429	fractions
430	geometry, parallelogram
431	geometry, triangle
432	geometry, parallelogram
433	variable algebra
434	geometry, triangle, quadrilateral
435	factorization
436	basic algebra
437	geometry, vectors
438	basic algebra
439	time
440	geometry, circle
441	basic algebra
442	variable algebra
443	fractions
444	powers
445	variable algebra
446	basic algebra
447	factorization
448	variable algebra
449	factorization
450	fractions
451	factorization
452	fractions
453	basic algebra
454	factorization, powers
455	geometry, symmetry
456	geometry, lines and angles
457	basic algebra
458	powers
459	geometry, vectors
460	basic algebra
461	basic algebra
462	geometry, lines and angles
463	basic algebra
464	fractions
465	variable algebra
466	geometry, lines and angles
467	geometry, circle, rectangle
468	geometry, vectors
469	factorization
470	geometry, symmetry
471	fractions
472	fractions
473	basic algebra
474	basic algebra
475	basic algebra
476	geometry, rectangle
477	fractions
478	powers
479	factorization
480	basic algebra
481	fractions
482	factorization
483	geometry, triangle
484	geometry, lines and angles
485	basic algebra
486	factorization
487	geometry, lines and angles
488	geometry, parallelogram
489	geometry, vectors
490	geometry, vectors
491	alternative number systems
492	geometry, lines and angles
493	fractions
494	basic algebra
495	fractions
496	variable algebra
497	geometry, lines and angles
498	geometry, vectors
499	fractions
500	fractions
501	geometry, lines and angles
502	variable algebra
503	time
504	fractions
505	factorization
506	factorization
507	geometry, lines and angles
508	geometry, symmetry
509	factorization
510	geometry, rectangle
511	powers
512	fractions
513	basic algebra
514	geometry, symmetry
515	geometry, vectors
516	powers
517	basic algebra
518	geometry, rectangle, fractions
519	basic algebra
520	geometry, lines and angles
521	fractions
522	basic algebra, associativity
523	variable algebra
524	factorization
525	fractions
526	geometry, vectors
527	basic algebra
528	geometry, lines and angles
529	basic algebra
530	geometry, triangle
531	geometry, rectangle, fractions
532	geometry, symmetry
533	variable algebra
534	geometry, lines and angles
535	variable algebra
536	geometry, quadrilateral
537	geometry, parallelogram
538	fractions
539	basic algebra
540	geometry, rectangle
541	powers
542	geometry, parallelogram
543	geometry, symmetry
544	fractions
545	variable algebra
546	alternative number systems
547	fractions
548	fractions
549	powers
550	variable algebra
551	variable algebra
552	geometry, vectors
553	basic algebra
554	factorization
555	variable algebra
556	variable algebra
557	fractions
558	factorization
559	variable algebra, powers
560	geometry, quadrilateral, triangle
561	geometry, vectors
562	fractions
563	basic algebra
564	variable algebra
565	geometry, lines and angles
566	powers
567	geometry, lines and angles
568	fractions
569	geometry, rectangle
570	basic algebra
571	geometry, quadrilateral
572	variable algebra
573	geometry, rectangle
574	factorization
575	geometry, symmetry
576	geometry, vectors
577	geometry, triangle
578	factorization
579	variable algebra
580	fractions
581	powers
582	geometry, vectors
583	variable algebra
584	variable algebra
585	basic algebra
586	geometry, triangle
587	geometry, rectangle
588	variable algebra
589	variable algebra
590	factorization, powers
591	geometry, vectors
592	basic algebra
593	fractions
594	alternative number systems
595	geometry, symmetry
596	variable algebra
597	fractions
598	factorization
599	fractions
600	geometry, quadrilateral
601	basic algebra, commutativity
602	fractions
603	fractions
604	geometry, vectors
605	fractions
606	fractions
607	factorization
608	fractions
609	geometry, quadrilateral
610	variable algebra
611	variable algebra
612	geometry, symmetry
613	powers
614	basic algebra
615	variable algebra
616	factorization
617	geometry, rectangle
618	geometry, triangle
619	fractions
620	geometry, symmetry
621	fractions
622	geometry, lines and angles
623	variable algebra
624	basic algebra, associativity
625	geometry, lines and angles
626	variable algebra, factorization
627	basic algebra, distributivity
628	basic algebra, commutativity
629	basic algebra
630	fractions
631	geometry, triangle
632	fractions
633	factorization
634	factorization
635	fractions
636	geometry, quadrilateral
637	variable algebra
638	absolute value
639	basic algebra
640	variable algebra
641	geometry, rectangle
642	variable algebra
643	geometry, triangle
644	basic algebra
645	basic algebra
646	basic algebra
647	geometry, symmetry
648	fractions
649	fractions
650	basic algebra
651	fractions
652	basic algebra
653	basic algebra
654	geometry, rectangle
655	basic algebra
656	basic algebra
657	geometry, lines and angles
658	variable algebra
659	basic algebra
660	fractions
661	geometry, triangle
662	geometry, circle
663	fractions
664	geometry, lines and angles
665	factorization
666	fractions
667	geometry, quadrilateral
668	geometry, lines and angles
669	geometry, lines and angles
670	variable algebra
671	fractions
672	geometry, lines and angles
673	fractions
674	alternative number systems
675	factorization
676	variable algebra
677	factorization
678	basic algebra
679	time
680	fractions
681	geometry, rectangle
682	geometry, symmetry
683	geometry, lines and angles
684	time
685	time
686	variable algebra
687	geometry, circle
688	factorization
689	geometry, lines and angles
690	geometry, symmetry
691	time
692	fractions
693	geometry, triangle
694	variable algebra, factorization
695	geometry, quadrilateral
696	factorization
697	geometry, symmetry
698	fractions
699	fractions
700	geometry, symmetry
701	geometry, rectangle, triangle
702	fractions
703	fractions
704	geometry, triangle
705	geometry, rectangle
706	alternative number systems
707	factorization
708	factorization, powers
709	variable algebra
710	geometry, lines and angles
711	geometry, lines and angles
712	geometry, lines and angles
713	geometry, rectangle
714	factorization
715	fractions
716	variable algebra
717	variable algebra
718	geometry, lines and angles
719	fractions
720	geometry, triangle
721	geometry, symmetry
722	fractions
723	geometry, parallelogram
724	fractions
725	geometry, rectangle
726	geometry, rectangle
727	geometry, lines and angles
728	powers
729	geometry, lines and angles
730	fractions
731	geometry, symmetry
732	fractions
733	fractions
734	geometry, quadrilateral
735	basic algebra
736	variable algebra
737	geometry, quadrilateral
738	basic algebra
739	factorization
740	variable algebra
741	geometry, symmetry
742	factorization
743	factorization
744	variable algebra
745	variable algebra
746	geometry, rectangle
747	factorization
748	geometry, vectors
749	basic algebra
750	geometry, symmetry
751	basic algebra
752	variable algebra
753	factorization
754	basic algebra
755	basic algebra
756	geometry, rectangle
757	fractions
758	powers
759	fractions
760	fractions
761	geometry, lines and angles
762	geometry, vectors
763	powers
764	basic algebra
765	fractions
766	geometry, quadrilateral
767	basic algebra
768	geometry, lines and angles
769	variable algebra
770	geometry, parallelogram
771	fractions
772	geometry, lines and angles
773	factorization
774	fractions
775	fractions
776	geometry, quadrilateral
777	geometry, quadrilateral
778	geometry, rectangle
779	geometry, lines and angles
780	geometry, lines and angles
781	variable algebra
782	variable algebra
783	factorization
784	powers
785	geometry, lines and angles
786	absolute value
787	basic algebra
788	basic algebra
789	factorization
790	basic algebra
791	powers
792	geometry, triangle
793	fractions
794	variable algebra
795	variable algebra
796	fractions
797	fractions
798	time
799	fractions
800	fractions
801	geometry, quadrilateral
802	geometry, lines and angles
803	fractions
804	variable algebra
805	factorization
806	geometry, lines and angles
807	fractions
808	variable algebra
809	basic algebra
810	fractions
811	basic algebra
812	fractions
813	fractions
814	geometry, circle
815	geometry, lines and angles
816	factorization
817	fractions
818	geometry, vectors
819	variable algebra
820	geometry, symmetry
821	powers
822	geometry, symmetry
823	geometry, triangle
824	geometry, lines and angles
825	basic algebra
826	variable algebra, factorization
827	geometry, vectors
828	powers
829	factorization
830	basic algebra
831	basic algebra
832	fractions
833	basic algebra
834	variable algebra
835	variable algebra
836	variable algebra
837	geometry, vectors
838	geometry, triangle, rectangle
839	fractions
840	factorization
841	basic algebra
842	fractions
843	fractions
844	variable algebra
845	geometry, vectors
846	geometry, lines and angles
847	fractions
848	geometry, rectangle
849	basic algebra, powers
850	variable algebra
851	factorization, powers
852	variable algebra
853	geometry, rectangle
854	fractions
855	geometry, lines and angles
856	variable algebra
857	variable algebra, powers
858	variable algebra
859	variable algebra
860	fractions
861	powers
862	variable algebra
863	geometry, lines and angles
864	factorization
865	geometry, triangle
866	geometry, triangle
867	basic algebra
868	variable algebra
869	geometry, triangle
870	geometry, circle, triangle
871	geometry, vectors
872	geometry, vectors
873	geometry, lines and angles
874	geometry, rectangle
875	geometry, lines and angles
876	fractions
877	geometry, lines and angles
878	geometry, triangle
879	geometry, lines and angles
880	alternative number systems
881	basic algebra
882	basic algebra, associativity
883	factorization
884	geometry, parallelogram
885	variable algebra
886	fractions
887	basic algebra
888	factorization
889	variable algebra
890	factorization
891	geometry, quadrilateral
892	fractions
893	fractions
894	geometry, rectangle
895	fractions
896	factorization
897	geometry, rectangle, fractions
898	variable algebra
899	fractions
900	geometry, vectors
901	geometry, triangle
902	variable algebra
903	geometry, triangle
904	fractions
905	fractions
906	geometry, symmetry
907	geometry, symmetry
908	basic algebra
909	fractions
910	geometry, lines and angles
911	basic algebra
912	basic algebra
913	geometry, symmetry
914	geometry, lines and angles
915	variable algebra
916	variable algebra
917	geometry, symmetry
918	factorization
919	geometry, vectors
920	geometry, lines and angles
921	factorization
922	fractions
923	basic algebra
924	basic algebra
925	fractions
926	basic algebra
927	geometry, triangle
928	fractions
929	fractions
930	fractions
931	geometry, quadrilateral
932	variable algebra
933	geometry, circle
934	variable algebra
935	geometry, quadrilateral
936	factorization
937	fractions
938	basic algebra
939	basic algebra
940	fractions
941	basic algebra
942	fractions
943	basic algebra
944	variable algebra, factorization
945	powers
946	geometry, rectangle, fractions
947	geometry, vectors
